"","Allolobophora_chlorotica","Anodonta_anatina","Aploneura_lentisci","Asellus_aquaticus","Bothrioneurum_vejdovskyanum","Brachionus_angularis","Brachionus_calyciflorus","Caenis_horaria","Chaetogaster_diastrophus","Chaetonotus_sp._bor_MK-2018","Chaetonotus_sp._g_MK-2018","Chironomidae","Chironomidae_sp._PA2_1","Chironomus","Chironomus_pseudothummi","Chironomus_riparius","Chydoridae","Crangonyx_floridanus","Crangonyx_pseudogracilis","Cricotopus","Cricotopus_laricomalis","Culicoides_kibunensis","Cyclopidae","Cyclopoida","Cyclops_abyssorum","Cypridopsis_vidua","Daphnia","Daphniidae","Dikerogammarus_villosus","Diptera","Dreissena_polymorpha","Euchlanis_dilatata","Eucyclops","Eucyclops_cf._serrulatus_ZISP_11SNM-532","Eucyclops_macrurus","Eucyclops_serrulatus","Eudiaptomus_gracilis","Eurytemora_affinis","Gammarus_zaddachi","Hydra_circumcincta","Hydra_oligactis","Isopoda","Keratella_cochlearis","Keratella_quadrata","Limnocythere_inopinata","Limnodrilus_hoffmeisteri","Liposcelis","Naididae","Nais_elinguis","Oxyethira_flavicornis","Physella_acuta","Platynothrus_peltifer","Podocopida","Podura_aquatica","Polyarthra","Polyarthra_dolichoptera_complex_sp._UO-2013","Polyphemus_pediculus","Porcellio_scaber","Potamopyrgus_antipodarum","Potamothrix_bavaricus","Potamothrix_moldaviensis","Radix_balthica","Sida_crystallina","Spongillida","Stempellinella_edwardsi","Stenostomum_sthenum","Synchaeta","Synchaeta_pectinata","Tanytarsus","Tanytarsus_lestagei","Tanytarsus_medius","Tanytarsus_occultus","Tubifex_tubifex","Xenylla","time","sample_id","site","sample_type","predator_ID"
"GW101",0,0,0,0,0,0,0,0,0,0,0,0,0,0,0,0,0,0,0,0,0,0,0,0,0,0,0,0,0,0,0,0,0,0,0,0,0,0,0,0,0,0,0,0,0,0,0,0,0,0,0,0,0,0,0,0,0,0,0,0,0,0,0,0,0,0,0,0,0,0,0,0,0,0,"Oct","GW101","GW","gut","Dikerogammarus_villosus"
"GW102",0,0,0,0,0,0,0,0,0,0,0,0,0,0,0,0,0,0,0,0,0,0,0,0,0,0,0,0,0,0,0,0,0,0,0,0,0,0,0,0,0,0,0,0,0,0,0,0,0,0,0,0,0,0,0,0,0,0,0,0,0,0,0,0,0,0,0,0,0,0,0,0,0,0,"Oct","GW102","GW","gut","Dikerogammarus_villosus"
"GW103",0,0,0,0,0,0,0,0,0,0,0,0,0,0,0,0,0,0,0,0,0,0,0,0,0,0,0,0,0.169126445951336,0,0,0,0,0,0,0,0,0,0,0,0,0,0,0,0,0,0,0,0,0,0,0,0,0,0,0,0,0,0,0,0,0,0,0,0,0,0,0,0,0,0,0,0,0,"Oct","GW103","GW","gut","Crangonyx_floridanus"
"GW104",0,0,0,0,0,0,0,0,0,0,0,0,0,0,0,0,0,0,0,0,0,0,0,0,0,0,0,0,0,0,0,0,0,0,0,0,0,0,0,0,0,0,0,0,0,0,0,0,0,0,0,0,0,0,0,0,0,0,0,0,0,0,0,0,0,0,0,0,0,0,0,0,0,0,"Oct","GW104","GW","gut","Dikerogammarus_villosus"
"GW105",0,0,0,0,0,0,0,0,0,0,0,0,0,0,0,0,0,0,0,0,0,0,0,0,0,0,0,0,0,0,0,0,0,0,0,0,0,0,0,0,0,0,0,0,0,0,0,0,0,0,0,0,0,0,0,0,0,0,0,0,0,0,0,0,0,0,0,0,0,0,0,0,0,0,"Oct","GW105","GW","gut","Dikerogammarus_villosus"
"GW106",0,0,0,0,0,0,0,0,0,0,0,0,0,0,0,0,0,0,0,0,0,0,0,0,0,0,0,0,0,0,0,0,0,0,0,0,0,0,0,0,0,0,0,0,0,0,0,0,0,0,0,0,0,0,0,0,0,0,0,0,0,0,0,0,0,0,0,0,0,0,0,0,0,0,"Oct","GW106","GW","gut","Dikerogammarus_villosus"
"GW107",0,0,0,0,0,0,0,0,0,0,0,0,0,0,0,0,0,0,0,0,0,0,0,0,0,0,0,0,0,0,0,0,0,0,0,0,0,0,0,0,0,0,0,0,0,0,0,0,0,0,0,0,0,0,0,0,0,0,0,0,0,0,0,0,0,0,0,0,0,0,0,0,0,0,"Oct","GW107","GW","gut","Dikerogammarus_villosus"
"GW108",0,0,0,0,0,0,0,0,0,0,0,0,0,0,0,0,0,0,0,0,0,0,0,0,0,0,0,0,0,0,0,0,0,0,0,0,0,0,0,0,0,0,0,0,0,0,0,0,0,0,0,0,0,0,0,0,0,0,0,0,0,0,0,0,0,0,0,0,0,0,0,0,0.123865809995586,0,"Oct","GW108","GW","gut","Dikerogammarus_villosus"
"GW109",0,0,0,0,0,0,0,0,0,0,0,0,0,0,0,0,0,0,0,0,0,0,0,0,0,0,0,0,0,0,0,0,0,0,0,0,0,0,0,0,0,0,0,0,0,0,0,0,0,0,0,0,0,0,0,0,0,0,0,0,0,0,0,0,0,0,0,0,0,0,0,0,0,0,"Oct","GW109","GW","gut","Dikerogammarus_villosus"
"GW110",0,0,0,0,0,0,0,0,0,0,0,0,0,0,0,0,0,0,0,0,0,0,0,0,0,0,0,0,0,0,0,0,0,0,0,0,0,0,0,0,0,0,0,0,0,0,0,0,0,0,0,0,0,0,0,0,0,0,0,0,0,0,0,0,0,0,0,0,0,0,0,0,0,0,"Oct","GW110","GW","gut","Dikerogammarus_villosus"
"GW111",0,0,0,0,0,0,0,0,0,0,0,0,0,0,0,0,0,0,0,0,0,0,0,0,0,0,0,0,0,0,0,0,0,0,0,0,0,0,0,0,0,0,0,0,0,0,0,0,0,0,0,0,0,0,0,0,0,0,0,0,0,0,0,0,0,0,0,0,0,0,0,0,0,0,"Oct","GW111","GW","gut","Dikerogammarus_villosus"
"GW201",0,0,0,0,0,0,0,0,0,0,0,0,0,0,0,0,0,0,0,0,0,0,0,0,0,0,0,0,0,0,0,0,0,0,0,0,0,0,0,0,0,0,0,0,0,0,0,0,0,0,0,0,0,0,0,0,0,0,0,0,0,0,0,0,0,0,0,0,0,0,0,0,0,0,"Oct","GW201","GW","gut","Dikerogammarus_villosus"
"GW202",0,0,0,0,0,0,0,0,0,0,0,0,0,0,0,0,0,0,0,0,0,0,0,0,0,0,0,0,0,0,0,0,0,0,0,0,0,0,0,0,0,0,0,0,0,0,0,0,0,0,0,0,0,0,0,0,0,0,0,0,0,0,0,0,0,0,0,0,0,0,0,0,0,0,"Oct","GW202","GW","gut","Dikerogammarus_villosus"
"GW203",0,0,0,0,0,0,0,0,0,0,0,0,0,0,0,0,0,0,0,0,0,0,0,0,0,0,0,0,0,0,0,0,0,0,0,0,0,0,0,0,0,0,0,0,0,0,0,0,0,0,0,0,0,0,0,0,0,0,0,0,0,0,0,0,0,0,0,0,0,0,0,0,0,0,"Oct","GW203","GW","gut","Dikerogammarus_villosus"
"GW204",0,0,0,0,0,0,0,0,0,0,0,0,0,0,0,0,0,0,0,0,0,0,0,0,0,0,0,0,0,0,0,0,0,0,0,0,0,0,0,0,0,0,0,0,0,0,0,0,0,0,0,0,0,0,0,0,0,0,0,0,0,0,0,0,0,0,0,0,0,0,0,0,0.00761862611829419,0,"Oct","GW204","GW","gut","Dikerogammarus_villosus"
"GW205",0,0,0,0,0,0,0,0,0,0,0,0,0,0,0,0,0,0,0,0,0,0,0,0,0,0,0,0,0,0,0,0,0,0,0,0,0,0,0,0,0,0,0,0,0,0,0,0,0,0,0,0,0,0,0,0,0,0,0,0,0,0,0,0,0,0,0,0,0,0,0,0,0,0,"Oct","GW205","GW","gut","Dikerogammarus_villosus"
"GW206",0,0,0,0,0,0,0,0,0,0,0,0,0,0,0,0,0,0,0,0,0,0,0,0,0,0,0,0,0,0,0,0,0,0,0,0,0,0,0,0,0,0,0,0,0,0,0,0,0,0,0,0,0,0,0,0,0,0,0,0,0,0,0,0,0,0,0,0,0,0,0,0,0,0,"Oct","GW206","GW","gut","Dikerogammarus_villosus"
"GW207",0,0,0,0,0,0,0,0,0,0,0,0,0,0,0,0,0,0,0,0,0,0,0,0,0,0,0,0,0,0,0,0,0,0,0,0,0,0,0,0,0,0,0,0,0,0,0,0,0,0,0,0,0,0,0,0,0,0,0,0,0,0,0,0,0,0,0,0,0,0,0,0,0,0,"Oct","GW207","GW","gut","Dikerogammarus_villosus"
"GW208",0,0,0,0,0,0,0,0,0,0,0,0,0,0,0,0,0,0,0,0,0,0,0,0,0,0,0,0,0,0,0,0,0,0,0,0,0,0,0,0,0,0,0,0,0,0,0,0,0,0,0,0,0,0,0,0,0,0,0,0,0,0,0,0,0,0,0,0,0,0,0,0,0,0,"Oct","GW208","GW","gut","Dikerogammarus_villosus"
"GW209",0,0,0,0,0,0,0,0,0,0,0,0,0,0,0,0,0,0,0,0,0,0,0,0,0,0,0,0,0,0,0,0,0,0,0,0,0,0,0,0,0,0,0,0,0,0,0,0,0,0,0,0,0,0,0,0,0,0,0,0,0,0,0,0,0,0,0,0,0,0,0,0,0,0,"Oct","GW209","GW","gut","Dikerogammarus_villosus"
"GW210",0,0,0,0,0,0,0,0,0,0,0,0,0,0,0,0,0,0,0,0,0,0,0,0,0,0,0,0,0,0,0,0,0,0,0,0,0,0,0,0,0,0,0,0,0,0,0,0,0,0,0,0,0,0,0,0,0,0,0,0,0,0,0,0,0,0,0,0,0,0,0,0,0,0,"Oct","GW210","GW","gut","Dikerogammarus_villosus"
"GW211",0,0,0,0,0,0,0,0,0,0,0,0,0,0,0,0,0,0,0,0,0,0,0,0,0,0,0,0,0,0,0,0,0,0,0,0,0,0,0,0,0,0,0,0,0,0,0,0,0,0,0,0,0,0,0,0,0,0,0,0,0,0,0,0,0,0,0,0,0,0,0,0,0,0,"Oct","GW211","GW","gut","Dikerogammarus_villosus"
"GW212",0,0,0,0,0,0,0,0,0,0,0,0,0,0,0,0,0,0,0,0,0,0,0,0,0,0,0,0,0,0,0,0,0,0,0,0,0,0,0,0,0,0,0,0,0,0,0,0,0,0,0,0,0,0,0,0,0,0,0,0,0,0,0,0,0,0,0,0,0,0,0,0,0,0,"Oct","GW212","GW","gut","Dikerogammarus_villosus"
"GW213",0,0,0,0,0,0,0,0,0,0,0,0,0,0,0,0,0,0,0,0,0,0,0,0,0,0,0,0,0,0,0,0,0,0,0,0,0,0,0,0,0,0,0,0,0,0,0,0,0,0,0,0,0,0,0,0,0,0,0,0,0,0,0,0,0,0,0,0,0,0,0,0,0,0,"Oct","GW213","GW","gut","Dikerogammarus_villosus"
"GW214",0,0,0,0,0,0,0,0,0,0,0,0,0,0,0,0,0,0,0,0,0,0,0,0,0,0,0,0,0,0,0,0,0,0,0,0,0,0,0,0,0,0,0,0,0,0,0,0,0,0,0,0,0,0,0,0,0,0,0,0,0,0,0,0,0,0,0,0,0,0,0,0,0,0,"Oct","GW214","GW","gut","Dikerogammarus_villosus"
"GW215",0,0,0,0,0,0,0,0,0,0,0,0,0,0,0,0,0,0,0,0,0,0,0,0,0,0,0,0,0,0,0,0,0,0,0,0,0,0,0,0,0,0,0,0,0,0,0,0,0,0,0,0,0,0,0,0,0,0,0,0,0,0,0,0,0,0,0,0,0,0,0,0,0,0,"Oct","GW215","GW","gut","Dikerogammarus_villosus"
"GW401",0,0,0,0,0,0,0,0,0,0,0,0,0,0,0,0,0,0,0,0,0,0,0,0,0,0,0,0,0,0,0,0,0,0,0,0,0,0,0,0,0,0,0,0,0,0,0,0,0,0,0,0,0,0,0,0,0,0,0,0,0,0,0,0,0,0,0,0,0,0,0,0,0.29267692032149,0,"Oct","GW401","GW","gut","Dikerogammarus_villosus"
"GW402",0,0,0,0,0,0,0,0,0,0,0,0,0,0,0,0,0,0,0,0,0,0,0,0,0,0,0,0,0,0,0,0,0,0,0,0,0,0,0,0,0,0,0,0,0,0,0,0,0,0,0,0,0,0,0,0,0,0,0,0,0,0,0,0,0,0,0,0,0,0,0,0,0,0,"Oct","GW402","GW","gut","Dikerogammarus_villosus"
"GW403",0,0,0,0,0,0,0,0,0,0,0,0,0,0,0,0,0,0,0,0,0,0,0,0,0,0,0,0,0,0,0,0,0,0,0,0,0,0,0,0,0,0,0,0,0,0,0,0,0,0,0,0,0,0,0,0,0,0,0,0,0,0,0,0,0,0,0,0,0,0,0,0,0,0,"Oct","GW403","GW","gut","Dikerogammarus_villosus"
"GW404",0,0,0,0,0,0,0,0,0,0,0,0,0,0,0,0,0,0,0,0,0,0,0,0,0,0,0,0,0,0,0,0,0,0,0,0,0,0,0,0,0,0,0,0,0,0,0,0,0,0,0,0,0,0,0,0,0,0,0,0,0,0,0,0,0,0,0,0,0,0,0,0,0,0,"Oct","GW404","GW","gut","Dikerogammarus_villosus"
"GW405",0,0,0,0,0,0,0,0,0,0,0,0,0,0,0,0,0,0,0,0,0,0,0,0,0,0,0,0,0,0,0,0,0,0,0,0,0,0,0,0,0,0,0,0,0,0,0,0,0,0,0,0,0,0,0,0,0,0,0,0,0,0,0,0,0,0,0,0,0,0,0,0,0,0,"Oct","GW405","GW","gut","Dikerogammarus_villosus"
"GW601",0,0,0,0,0,0,0,0,0,0,0,0,0,0,0,0,0,0,0,0,0,0,0,0,0,0,0,0,0,0,0,0,0,0,0,0,0,0,0,0,0,0,0,0,0,0.107496331449624,0,0,0,0,0,0,0,0,0,0,0,0,0,0,0,0,0,0,0,0,0,0,0,0,0,0,0,0,"Oct","GW601","GW","gut","Dikerogammarus_villosus"
"GW602",0,0,0,0,0,0,0,0,0,0,0,0,0,0,0,0,0,0,0,0,0,0,0,0,0,0,0,0,0,0,0,0,0,0,0,0,0,0,0,0,0,0,0,0,0,0,0,0,0,0,0,0,0,0,0,0,0,0,0,0,0,0,0,0,0,0,0,0,0,0,0,0,0,0,"Oct","GW602","GW","gut","Dikerogammarus_villosus"
"GW603",0,0,0,0,0,0,0,0,0,0,0,0,0,0,0,0,0,0,0,0,0,0,0,0,0,0,0,0,0,0,0,0,0,0,0,0,0,0,0,0,0,0,0,0,0,0,0,0,0,0,0,0,0,0,0,0,0,0,0,0,0,0,0,0,0,0,0,0,0,0,0,0,0,0,"Oct","GW603","GW","gut","Dikerogammarus_villosus"
"GW604",0.0387632671896631,0,0,0,0,0,0,0,0,0,0,0,0,0,0,0,0,0,0,0,0,0,0,0,0,0,0,0,0,0.0481464390093832,0,0,0,0,0,0,0,0,0,0,0,0,0,0,0,0,0,0,0,0,0,0,0,0,0,0,0,0,0,0,0,0,0,0,0,0,0,0,0,0,0,0,0,0,"Oct","GW604","GW","gut","Dikerogammarus_villosus"
"GW605",0,0,0,0,0,0,0,0,0,0,0,0,0,0,0,0,0,0,0,0,0,0,0,0,0,0,0,0,0,0,0,0,0,0,0,0,0,0,0,0,0,0,0,0,0,0,0,0,0,0,0,0,0,0,0,0,0,0,0,0,0,0,0,0,0,0,0,0,0,0,0,0,0,0,"Oct","GW605","GW","gut","Dikerogammarus_villosus"
"GW606",0,0,0,0,0,0,0,0,0,0,0,0,0,0,0,0,0,0,0,0,0,0,0,0,0,0,0,0,0,0,0,0,0,0,0,0,0,0,0,0,0,0,0,0,0,0,0,0,0,0,0,0,0,0,0,0,0,0,0,0,0,0,0,0,0,0,0,0,0,0,0,0,0,0,"Oct","GW606","GW","gut","Dikerogammarus_villosus"
"GW607",0,0,0,0,0,0,0,0,0,0,0,0,0,0,0,0,0,0,0,0,0,0,0,0,0,0,0,0,0,0,0,0,0,0,0,0,0,0,0,0,0,0,0,0,0,0,0,0,0,0,0,0,0,0,0,0,0,0,0,0,0,0,0,0,0,0,0,0,0,0,0,0,0,0,"Oct","GW607","GW","gut","Dikerogammarus_villosus"
"GW608",0,0,0,0,0,0,0,0,0,0,0,0,0,0,0,0,0,0,0,0,0,0,0,0,0,0,0,0,0,0,0,0,0,0,0,0,0,0,0,0,0,0,0,0,0,0,0,0,0,0,0,0,0,0,0,0,0,0,0,0,0,0,0,0,0,0,0,0,0,0,0,0,0,0,"Oct","GW608","GW","gut","Dikerogammarus_villosus"
"GW609",0,0,0,0,0,0,0,0,0,0,0,0,0,0,0,0,0,0,0,0,0,0,0,0,0,0,0,0,0,0,0,0,0,0,0,0,0,0,0,0,0,0,0,0,0,0,0,0,0,0,0,0,0,0,0,0,0,0,0,0,0,0,0,0,0,0,0,0,0,0,0,0,0,0,"Oct","GW609","GW","gut","Dikerogammarus_villosus"
"GW610",0,0,0,0,0,0,0,0,0,0,0,0,0,0,0,0,0,0,0,0,0,0,0,0,0,0,0,0,0,0,0,0,0,0,0,0,0,0,0,0,0,0,0,0,0,0,0,0,0,0,0,0,0,0,0,0,0,0,0,0,0,0,0,0,0,0,0,0,0,0,0,0,0.023919700578428,0,"Oct","GW610","GW","gut","Dikerogammarus_villosus"
"GW611",0,0,0,0,0,0,0,0,0,0,0,0,0,0,0,0,0,0,0,0,0,0,0,0,0,0,0,0,0,0,0,0,0,0,0,0,0,0,0,0,0,0,0,0,0,0,0,0,0,0,0,0,0,0,0,0,0,0,0,0,0,0,0,0,0,0,0,0,0,0,0,0,0,0,"Oct","GW611","GW","gut","Dikerogammarus_villosus"
"GW612",0,0,0,0,0,0,0,0,0,0,0,0,0,0,0,0,0,0,0,0,0,0,0,0,0,0,0,0,0,0,0,0,0,0,0,0,0,0,0,0,0,0,0,0,0,0,0,0,0,0,0,0,0,0,0,0,0,0,0,0,0,0,0,0,0,0,0,0,0,0,0,0,0,0,"Oct","GW612","GW","gut","Dikerogammarus_villosus"
"GW613",0,0,0,0,0,0,0,0,0,0,0,0,0,0,0,0,0,0,0,0,0,0,0,0,0,0,0,0,0,0,0,0,0,0,0,0,0,0,0,0,0,0,0,0,0,0,0,0,0,0,0,0,0,0,0,0,0,0,0,0,0,0,0,0,0,0,0,0,0,0,0,0,0,0,"Oct","GW613","GW","gut","Dikerogammarus_villosus"
"GW614",0,0,0,0,0,0,0,0,0,0,0,0,0,0,0,0,0,0,0,0,0,0,0,0,0,0,0,0,0,0,0,0,0,0,0,0,0,0,0,0,0,0,0,0,0,0,0,0,0,0,0,0,0,0,0,0,0,0,0,0,0,0,0,0,0,0,0,0,0,0,0,0,0,0,"Oct","GW614","GW","gut","Dikerogammarus_villosus"
"GW615",0,0,0,0,0,0,0,0,0,0,0,0,0,0,0,0,0,0,0,0,0,0,0,0,0,0,0,0,0,0,0,0,0,0,0,0,0,0,0,0,0,0,0,0,0,0,0,0,0,0,0,0,0,0,0,0,0,0,0,0,0,0,0,0,0,0,0,0,0,0,0,0,0,0,"Oct","GW615","GW","gut","Dikerogammarus_villosus"
"GW616",0,0,0,0,0,0,0,0,0,0,0,0,0,0,0,0,0,0,0,0,0,0,0,0,0,0,0,0,0,0,0,0,0,0,0,0,0,0,0,0,0,0,0,0,0,0,0,0,0,0,0,0,0,0,0,0,0,0,0,0,0,0,0,0,0,0,0,0,0,0,0,0,0,0,"Oct","GW616","GW","gut","Dikerogammarus_villosus"
"GW617",0,0,0,0,0,0,0,0,0,0,0,0,0,0,0,0,0,0,0,0,0,0,0,0,0,0,0,0,0,0,0,0,0,0,0,0,0,0,0,0,0,0,0,0,0,0,0,0,0,0,0,0,0,0,0,0,0,0,0,0,0,0,0,0,0,0,0,0,0,0,0,0,0,0,"Oct","GW617","GW","gut","Dikerogammarus_villosus"
"GW618",0,0,0,0,0,0,0,0,0,0,0,0,0,0,0,0,0,0,0,0,0,0,0,0,0,0,0,0,0,0,0,0,0,0,0,0,0,0,0,0,0,0,0,0,0,0,0,0,0,0,0,0,0,0,0,0,0,0,0,0,0,0,0,0,0,0,0,0,0,0,0,0,0,0,"Oct","GW618","GW","gut","Dikerogammarus_villosus"
"GW619",0,0,0,0,0,0,0,0,0,0,0,0,0,0,0,0,0,0,0,0,0,0,0,0,0,0,0,0,0,0,0,0,0,0,0,0,0,0,0,0,0,0,0,0,0,0,0,0,0,0,0,0,0,0,0,0,0,0,0,0,0,0,0,0,0,0,0,0,0,0,0,0,0,0,"Oct","GW619","GW","gut","Dikerogammarus_villosus"
"GW620",0,0,0,0,0,0,0,0,0,0,0,0,0,0,0,0,0,0,0,0,0,0,0,0,0,0,0,0,0,0,0,0,0,0,0,0,0,0,0,0,0,0,0,0,0,0,0,0,0,0,0,0,0,0,0,0,0,0,0,0,0,0,0,0,0,0,0,0,0,0,0,0,0,0,"Oct","GW620","GW","gut","Dikerogammarus_villosus"
"GW621",0,0,0,0,0,0,0,0,0,0,0,0,0,0,0,0,0,0,0,0,0,0,0,0,0,0,0,0,0,0,0,0,0,0,0,0,0,0,0,0,0,0,0,0,0,0,0,0,0,0,0.0253328679000648,0,0,0,0,0,0,0,0,0,0,0,0,0,0,0,0,0,0,0,0,0,0,0,"Oct","GW621","GW","gut","Dikerogammarus_villosus"
"RB301",0,0,0,0,0,0,0,0,0,0,0,0,0,0,0,0,0,0.398216939078752,0,0,0,0,0,0,0,0,0,0,0,0,0,0,0,0,0,0,0,0,0,0,0,0,0,0,0,0,0,0,0,0,0,0,0,0,0,0,0,0,0,0,0,0,0,0,0,0,0,0,0,0,0,0,0,0,"Oct","RB301","RB","gut","Gammarus_zaddachi"
"RB302",0,0,0,0,0,0,0,0,0,0,0,0,0,0,0,0,0,0,0.205430566330489,0,0,0,0,0,0,0,0,0,0,0,0,0,0,0,0,0,0,0,0,0,0,0,0,0,0,0,0,0,0,0,0,0,0,0,0,0,0,0,0,0,0,0,0,0,0,0,0,0,0,0,0,0,0,0,"Oct","RB302","RB","gut","Gammarus_zaddachi"
"RB303",0,0,0,0,0,0,0,0,0,0,0,0,0,0,0,0,0,0,0.251809459686921,0,0,0,0,0,0,0,0,0,0,0,0,0,0,0,0,0,0,0,0,0,0,0,0,0,0,0,0,0,0,0,0,0,0,0,0,0,0,0,0,0,0,0,0,0,0,0,0,0,0,0,0,0,0,0,"Oct","RB303","RB","gut","Gammarus_zaddachi"
"RB304",0,0,0,0,0,0,0,0,0,0,0,0,0,0,0,0,0,0,0.36253061914013,0,0,0,0,0,0,0,0,0,0,0,0,0,0,0,0,0,0,0,0,0,0,0,0,0,0,0,0,0,0,0,0,0,0,0,0,0,0,0,0,0,0,0,0,0,0,0,0,0,0,0,0,0,0,0,"Oct","RB304","RB","gut","Gammarus_zaddachi"
"RB305",0,0,0,0,0,0,0,0,0,0,0,0,0,0,0,0,0,0,0.122817845177217,0,0,0,0,0,0,0,0,0,0,0,0,0,0,0,0,0,0,0,0,0,0,0,0,0,0,0,0,0,0,0,0,0,0,0,0,0,0,0,0,0,0,0,0,0,0,0,0,0,0,0,0,0,0,0,"Oct","RB305","RB","gut","Gammarus_zaddachi"
"RB401",0,0,0,0,0,0,0,0,0,0,0,0,0,0,0,0,0,0,0,0,0,0,0,0,0,0,0,0,0,0,0,0,0,0,0,0,0,0,0.0337898317221626,0,0,0,0,0,0,0,0,0,0,0,0,0,0,0,0,0,0,0,0,0,0,0,0,0,0,0,0,0,0,0,0,0,0,0,"Oct","RB401","RB","gut","Crangonyx_pseudogracilis"
"RB402",0,0,0,0,0,0,0,0,0,0,0,0,0,0,0,0,0,0,0,0,0,0,0,0,0,0,0,0,0,0,0,0,0,0,0,0,0,0,0.0718313035633739,0,0,0,0,0,0,0,0,0,0,0,0,0,0,0,0,0,0,0,0,0,0,0,0,0,0,0,0,0,0,0,0,0,0,0,"Oct","RB402","RB","gut","Crangonyx_pseudogracilis"
"RB403",0,0,0,0,0,0,0,0,0,0,0,0,0,0,0,0,0,0,0,0,0,0,0,0,0,0,0,0,0,0,0,0,0,0,0,0,0,0,0.105013882083946,0,0,0,0,0,0,0,0,0,0,0,0,0,0,0,0,0,0,0,0,0,0,0,0,0,0,0,0,0,0,0,0,0,0,0,"Oct","RB403","RB","gut","Crangonyx_pseudogracilis"
"RB404",0,0,0,0,0,0,0,0,0,0,0,0,0,0,0,0,0,0,0,0,0,0,0,0,0,0,0,0,0,0,0,0,0,0,0,0,0,0,0.0469798657718121,0,0,0,0,0,0,0,0,0,0,0,0,0,0,0,0,0,0,0,0,0,0,0,0,0,0,0,0,0,0,0,0,0,0,0,"Oct","RB404","RB","gut","Crangonyx_pseudogracilis"
"RB405",0,0,0,0,0,0,0,0,0,0,0,0,0,0,0,0,0,0,0,0,0,0,0,0,0,0,0,0,0,0,0,0,0,0,0,0,0,0,0,0,0,0,0,0,0,0,0,0,0,0,0,0,0,0,0,0,0,0,0,0,0,0,0,0,0,0,0,0,0,0,0,0,0,0,"Oct","RB405","RB","gut","Crangonyx_pseudogracilis"
"RB406",0,0,0,0,0,0,0,0,0,0,0,0,0,0,0,0,0,0,0,0,0,0,0,0,0,0,0,0,0,0,0,0,0,0,0,0,0,0,0,0,0,0,0,0,0,0,0,0,0,0,0,0,0,0,0,0,0,0,0,0,0,0,0,0,0,0,0,0,0,0,0,0,0,0,"Oct","RB406","RB","gut","Crangonyx_pseudogracilis"
"RB407",0,0,0,0,0,0,0,0,0,0,0,0,0,0,0,0,0,0,0,0,0,0,0,0,0,0,0,0,0,0,0,0,0,0,0,0,0,0,0,0,0,0,0,0,0,0,0,0,0,0,0,0,0,0,0,0,0,0,0,0,0,0,0,0,0,0,0,0,0.0207781456953642,0,0,0,0,0.010989238410596,"Oct","RB407","RB","gut","Crangonyx_pseudogracilis"
"RB408",0,0,0,0,0,0,0,0,0,0,0,0,0,0,0,0,0,0,0,0,0,0,0,0,0,0,0,0,0,0,0,0,0,0,0,0,0,0,0,0,0,0,0,0,0,0,0,0,0,0,0,0,0,0,0,0,0,0,0,0,0,0,0,0,0,0,0,0,0,0,0,0,0,0,"Oct","RB408","RB","gut","Crangonyx_pseudogracilis"
"RB409",0,0,0,0,0,0,0,0,0,0,0,0,0,0,0,0,0,0,0,0,0,0,0,0,0,0,0,0,0,0,0,0,0,0,0,0,0,0,0,0,0,0,0,0,0,0,0,0,0,0,0,0.0159772239573374,0,0,0,0,0,0.0564301952535747,0,0,0,0,0,0,0,0,0,0,0,0,0,0,0,0,"Oct","RB409","RB","gut","Crangonyx_pseudogracilis"
"RB410",0,0,0,0,0,0,0,0,0,0,0,0,0,0,0,0,0,0,0,0,0,0,0,0,0,0,0,0,0,0,0,0,0,0,0,0,0,0,0,0,0,0,0,0,0,0,0,0,0,0,0,0,0,0,0,0,0,0,0,0,0,0,0,0,0,0,0,0,0,0,0,0,0,0,"Oct","RB410","RB","gut","Crangonyx_pseudogracilis"
"RB411",0,0,0,0,0,0,0,0,0,0,0,0,0,0,0,0,0,0,0,0,0,0,0,0,0,0,0,0,0,0,0,0,0,0,0,0,0,0,0,0,0,0,0,0,0,0,0,0,0,0,0,0,0,0,0,0,0,0,0,0,0,0,0,0,0,0,0,0,0,0,0,0,0,0,"Oct","RB411","RB","gut","Crangonyx_pseudogracilis"
"RB412",0,0,0,0,0,0,0,0,0,0,0,0,0,0,0,0,0,0,0,0,0,0.0414731524484641,0,0,0,0,0,0,0,0,0,0,0,0,0,0,0,0,0,0,0,0.0330535864635107,0,0,0,0,0,0,0,0,0,0,0,0,0,0,0,0.169314755968386,0,0,0,0,0,0,0,0,0,0,0,0,0,0,0,0,"Oct","RB412","RB","gut","Crangonyx_pseudogracilis"
"RB501",0,0,0,0,0,0,0,0,0,0,0,0,0,0,0,0,0,0.00732984293193717,0,0,0,0,0,0,0,0,0,0,0,0,0,0,0,0,0,0,0,0,0,0,0,0,0,0,0,0,0,0,0,0,0,0,0,0,0,0,0,0,0,0,0,0,0,0,0,0,0,0,0,0,0,0,0,0,"Oct","RB501","RB","gut","Gammarus_zaddachi"
"RB502",0,0,0,0,0,0,0,0,0,0,0,0,0,0,0,0,0,0,0,0,0,0,0,0,0,0,0,0,0,0,0,0,0,0,0,0,0,0,0,0,0,0,0,0,0,0,0,0,0,0,0,0,0,0,0,0,0,0,0,0,0,0,0,0,0,0,0,0,0,0,0,0,0,0,"Oct","RB502","RB","gut","Gammarus_zaddachi"
"RB503",0,0,0,0,0,0,0,0,0,0,0,0,0,0,0,0,0,0,0,0,0,0,0,0,0,0,0,0,0,0,0,0,0,0,0,0,0,0,0,0,0,0,0,0,0,0,0,0,0,0,0,0,0,0,0,0,0,0,0,0,0,0,0,0,0,0,0,0,0,0,0,0,0,0,"Oct","RB503","RB","gut","Gammarus_zaddachi"
"RB504",0,0,0,0,0,0,0,0,0,0,0,0,0,0,0,0,0,0,0,0,0,0,0,0,0,0,0,0,0,0,0,0,0,0,0,0,0,0,0,0,0,0,0,0,0,0,0,0,0,0,0,0,0,0,0,0,0,0,0,0,0,0,0,0,0,0,0,0,0,0,0,0,0,0,"Oct","RB504","RB","gut","Gammarus_zaddachi"
"RB505",0,0,0,0,0,0,0,0,0,0,0,0,0,0,0,0,0,0.0063350102478107,0,0,0,0,0,0,0,0,0,0,0,0,0,0,0,0,0,0,0,0,0,0,0,0,0,0,0,0,0,0,0,0,0,0,0,0,0,0,0,0,0,0,0,0,0,0,0,0,0,0,0,0,0,0,0,0,"Oct","RB505","RB","gut","Gammarus_zaddachi"
"RB506",0,0,0,0,0,0,0,0,0,0,0,0,0,0,0,0,0,0,0,0,0,0,0,0,0,0,0,0,0,0,0,0,0,0,0,0,0,0,0,0,0,0,0,0,0,0,0,0,0,0,0,0,0,0,0,0,0,0,0,0,0,0,0,0,0,0,0,0,0,0,0.0132947976878613,0,0,0,"Oct","RB506","RB","gut","Gammarus_zaddachi"
"RB507",0,0,0,0,0,0,0,0,0,0,0,0,0,0,0,0,0,0,0,0,0,0,0,0,0,0,0,0,0,0,0,0,0,0,0,0,0,0,0,0,0,0,0,0,0,0,0,0,0,0,0,0,0,0,0,0,0,0,0,0,0,0,0,0,0,0,0,0,0,0,0,0,0,0,"Oct","RB507","RB","gut","Gammarus_zaddachi"
"RB508",0,0,0,0,0,0,0,0,0,0,0,0,0,0,0,0,0,0.00645161290322581,0,0,0,0,0,0,0,0,0,0,0,0,0,0,0,0,0,0,0,0,0,0,0,0,0,0,0,0,0,0,0,0,0,0,0,0,0,0,0,0,0,0,0,0,0,0,0,0,0,0,0,0,0,0,0,0,"Oct","RB508","RB","gut","Gammarus_zaddachi"
"RB509",0,0,0,0,0,0,0,0,0,0,0,0,0,0,0,0,0,0,0,0,0,0,0,0,0,0,0,0,0,0,0,0,0,0,0,0,0,0,0,0,0,0,0,0,0,0,0,0,0,0,0,0,0,0,0,0,0,0,0,0,0,0,0.084952803997779,0,0,0,0,0,0,0,0,0,0,0,"Oct","RB509","RB","gut","Gammarus_zaddachi"
"RB510",0,0,0,0,0,0,0,0,0,0,0,0,0,0,0,0,0,0.0101206695212145,0,0,0,0,0,0,0,0,0,0,0,0,0,0,0,0,0,0,0,0,0,0,0,0,0,0,0,0,0,0,0,0,0,0,0,0,0,0,0,0,0,0,0,0,0,0,0,0,0,0,0,0,0,0,0,0,"Oct","RB510","RB","gut","Gammarus_zaddachi"
"RB511",0,0,0,0,0,0,0,0,0,0,0,0,0,0,0,0,0,0,0,0,0,0,0,0,0,0,0,0,0,0,0,0,0,0,0,0,0,0,0,0,0,0,0,0,0,0,0,0,0,0,0,0,0,0,0,0,0,0,0,0,0,0,0,0,0,0,0,0,0,0,0,0,0,0,"Oct","RB511","RB","gut","Gammarus_zaddachi"
"RB512",0,0,0,0,0,0,0,0,0,0,0,0,0,0,0,0,0,0,0,0,0,0,0,0,0,0,0,0,0,0,0,0,0,0,0,0,0,0,0,0,0,0,0,0,0,0,0,0,0,0,0,0,0,0,0,0,0,0,0,0,0,0,0,0,0,0,0,0,0,0,0,0,0,0,"Oct","RB512","RB","gut","Gammarus_zaddachi"
"RB601",0,0,0,0,0,0,0,0,0,0,0,0,0,0,0,0,0,0,0,0,0,0,0,0,0,0,0,0,0,0,0,0,0,0,0,0,0,0,0,0,0,0,0,0,0,0,0,0,0,0,0,0,0,0,0,0,0,0,0,0,0,0,0,0,0,0,0,0,0,0,0,0,0,0,"Oct","RB601","RB","gut","Gammarus_zaddachi"
"RB602",0,0,0,0,0,0,0,0,0,0,0,0,0,0,0,0,0,0,0,0,0,0,0,0,0,0,0,0,0,0,0,0,0,0,0,0,0,0,0,0,0,0,0,0,0,0,0,0,0,0,0,0,0,0,0,0,0,0,0,0,0,0,0,0,0,0,0,0,0,0,0,0,0,0,"Oct","RB602","RB","gut","Gammarus_zaddachi"
"RB603",0,0,0,0,0,0,0,0,0,0,0,0,0,0,0,0,0,0,0,0,0,0,0,0,0,0,0,0,0,0,0,0,0,0,0,0,0,0,0,0,0,0,0,0,0,0,0,0,0,0,0,0,0,0,0,0,0,0,0,0,0,0,0,0,0,0,0,0,0,0,0,0,0,0,"Oct","RB603","RB","gut","Gammarus_zaddachi"
"RB604",0,0,0,0,0,0,0,0,0,0,0,0.00636942675159236,0,0,0,0,0,0,0,0,0,0,0,0,0,0,0,0,0,0,0,0,0,0,0,0,0,0,0,0,0,0,0,0,0,0,0,0,0,0,0,0,0,0,0,0,0,0,0,0,0,0,0,0,0,0,0,0,0,0,0,0,0,0,"Oct","RB604","RB","gut","Gammarus_zaddachi"
"RB605",0,0,0,0,0,0,0,0,0,0,0,0,0,0,0,0,0,0,0,0,0,0,0,0,0,0,0,0,0,0,0,0,0,0,0,0,0,0,0,0,0,0,0,0,0,0,0,0,0,0,0,0,0,0,0,0,0,0,0,0,0,0,0,0,0,0,0,0,0,0,0,0,0,0,"Oct","RB605","RB","gut","Gammarus_zaddachi"
"RB606",0,0,0,0,0,0,0,0,0,0,0,0,0,0,0,0,0,0,0,0,0,0,0,0,0,0,0,0,0,0,0,0,0,0,0,0,0,0,0,0,0,0,0,0,0,0.374718526100307,0,0,0,0,0,0,0,0,0,0,0,0,0,0,0,0,0,0,0,0,0,0,0,0,0,0,0,0,"Oct","RB606","RB","gut","Gammarus_zaddachi"
"RB607",0,0,0,0,0,0,0,0,0,0,0,0,0,0,0,0,0,0,0,0,0,0,0,0,0,0,0,0,0,0,0,0,0,0,0,0,0,0,0,0,0,0,0,0,0,0,0,0,0,0,0,0,0,0,0,0,0,0,0,0,0,0,0,0,0,0,0,0,0,0,0,0,0,0,"Oct","RB607","RB","gut","Gammarus_zaddachi"
"RB608",0,0,0,0,0,0,0,0,0,0,0,0,0,0,0,0,0,0,0,0,0,0,0,0,0,0,0,0,0,0,0,0,0,0,0,0,0,0,0,0,0,0,0,0,0,0,0,0,0,0,0,0,0,0,0,0,0,0,0,0,0,0,0,0,0,0,0,0,0,0,0,0,0,0,"Oct","RB608","RB","gut","Gammarus_zaddachi"
"RB609",0,0,0,0,0,0,0,0,0,0,0,0,0,0,0,0,0,0,0,0,0,0,0,0,0,0,0,0,0,0,0,0,0,0,0,0,0,0,0,0,0,0,0,0,0,0,0,0,0,0,0,0,0,0,0,0,0,0,0,0,0,0,0,0,0,0,0,0,0,0,0,0,0,0,"Oct","RB609","RB","gut","Gammarus_zaddachi"
"RB610",0,0,0,0,0,0,0,0,0,0,0,0,0,0,0,0,0,0,0,0,0,0,0,0,0,0,0,0,0,0,0,0,0,0,0,0,0,0,0,0,0,0,0,0,0,0,0,0,0,0,0,0,0,0,0,0,0,0,0,0,0,0,0,0,0,0,0,0,0,0,0,0,0,0,"Oct","RB610","RB","gut","Gammarus_zaddachi"
"RB611",0,0,0,0,0,0,0,0,0,0,0,0,0,0,0,0,0,0,0,0,0,0,0,0,0,0,0,0,0,0,0,0,0,0,0,0,0,0,0,0,0,0,0,0,0,0,0,0,0,0,0,0,0,0,0,0,0,0,0,0,0,0,0,0,0,0,0,0,0,0,0,0,0,0,"Oct","RB611","RB","gut","Gammarus_zaddachi"
"RB612",0,0,0,0,0,0,0,0,0,0,0,0,0,0,0,0,0,0,0,0,0,0,0,0,0,0,0,0,0,0,0,0,0,0,0,0,0,0,0,0,0,0,0,0,0,0,0,0,0,0,0,0,0,0,0,0,0,0,0,0,0,0,0,0,0,0,0,0,0,0,0,0,0,0,"Oct","RB612","RB","gut","Gammarus_zaddachi"
"RB613",0,0,0,0,0.7040364300982,0,0,0,0,0,0,0,0,0,0,0,0,0,0,0,0,0,0,0,0,0,0,0,0,0,0,0,0,0,0,0,0,0,0,0,0,0,0,0,0,0,0,0,0,0,0,0,0,0,0,0,0,0,0,0,0,0,0,0,0,0,0,0,0,0,0,0,0,0,"Oct","RB613","RB","gut","Gammarus_zaddachi"
"RB614",0,0,0,0,0,0,0,0,0,0,0,0,0,0,0,0,0,0,0,0,0,0,0,0,0,0,0,0,0,0,0,0,0,0,0,0,0,0,0,0,0,0,0,0,0,0,0,0,0,0,0,0,0,0,0,0,0,0,0,0,0,0,0,0,0,0,0,0,0,0,0,0,0,0,"Oct","RB614","RB","gut","Gammarus_zaddachi"
"RB615",0,0,0,0,0,0,0,0,0,0,0,0,0,0,0,0,0,0,0,0,0,0,0,0,0,0,0,0,0,0,0,0,0,0,0,0,0,0,0,0,0,0,0,0,0,0,0,0,0,0,0,0,0,0,0,0,0,0,0,0,0,0,0,0,0,0,0,0,0,0,0,0,0,0,"Oct","RB615","RB","gut","Gammarus_zaddachi"
"RB616",0,0,0,0,0,0,0,0,0,0,0,0.612293853073463,0,0,0,0,0,0,0,0,0,0,0,0,0,0,0,0,0.015592203898051,0,0,0,0,0,0,0,0,0,0,0,0,0,0,0,0,0,0,0,0,0,0,0,0,0,0,0,0,0,0,0,0,0,0,0,0,0,0,0,0,0,0,0,0,0,"Oct","RB616","RB","gut","Gammarus_zaddachi"
"RB617",0,0,0,0,0,0,0,0,0,0,0,0,0,0,0,0,0,0,0,0,0,0,0,0,0,0,0,0,0,0,0,0,0,0,0,0,0,0,0,0,0,0,0,0,0,0,0,0,0,0,0,0,0,0,0,0,0,0,0,0,0,0,0,0,0,0,0,0,0,0,0,0,0,0,"Oct","RB617","RB","gut","Gammarus_zaddachi"
"RB618",0,0,0,0,0,0,0,0,0,0,0,0,0,0,0,0,0,0,0,0,0,0,0,0,0,0,0,0,0,0,0,0,0,0,0,0,0,0,0,0,0,0,0,0,0,0,0,0,0,0,0,0,0,0,0,0,0,0,0,0,0,0,0,0,0,0,0,0,0,0,0,0,0,0,"Oct","RB618","RB","gut","Gammarus_zaddachi"
"RB619",0,0,0,0,0,0,0,0,0,0,0,0,0,0,0,0,0,0,0.0159964452343924,0,0,0,0,0,0,0,0,0,0.0111086425238836,0,0,0,0,0,0,0,0,0,0,0,0,0,0,0,0,0,0,0,0,0,0,0,0,0,0,0,0,0,0,0,0,0,0,0,0,0,0,0,0,0,0,0,0,0,"Oct","RB619","RB","gut","Gammarus_zaddachi"
"RB620",0,0,0,0,0,0,0,0,0,0,0,0,0,0,0,0,0,0,0.0138672599184279,0,0,0,0,0,0,0,0,0,0,0,0,0,0,0,0,0,0,0,0,0,0,0,0,0,0,0,0,0,0,0,0,0,0,0,0,0,0,0,0,0,0,0,0,0,0,0,0,0,0,0,0,0,0,0,"Oct","RB620","RB","gut","Gammarus_zaddachi"
"WB201",0,0,0,0,0,0,0,0,0,0,0,0,0,0,0,0,0,0,0,0,0,0,0,0,0,0,0,0,0,0,0,0,0,0,0,0,0,0,0,0,0,0,0,0,0,0,0,0,0,0,0,0,0,0,0,0,0,0,0,0,0,0,0,0,0,0,0,0,0,0,0,0,0,0,"Oct","WB201","WB","gut","Dikerogammarus_villosus"
"WB301",0,0,0,0,0,0,0,0,0,0,0,0,0,0,0,0,0,0,0,0,0,0,0,0,0,0,0,0,0,0,0,0,0,0,0,0,0,0,0,0,0,0,0,0,0,0,0,0,0,0,0,0,0,0,0,0,0,0,0,0,0,0,0,0,0,0,0,0,0,0,0,0,0,0,"Oct","WB301","WB","gut","Dikerogammarus_villosus"
"WB302",0,0,0,0,0,0,0,0,0,0,0,0,0,0,0,0,0,0,0,0,0,0,0,0,0,0,0,0,0,0,0,0,0,0,0,0,0,0,0,0,0,0,0,0,0,0,0,0,0,0,0,0,0,0,0,0,0,0,0,0,0,0,0,0,0,0,0,0,0,0,0,0,0,0,"Oct","WB302","WB","gut","Dikerogammarus_villosus"
"WB303",0,0,0,0,0,0,0,0,0,0,0,0,0,0,0,0,0,0,0,0,0,0,0,0,0,0,0,0,0,0,0,0,0,0,0,0,0,0,0,0,0,0,0,0,0,0,0,0,0,0,0,0,0,0,0,0,0,0,0,0,0,0,0,0,0,0,0,0,0,0,0,0,0,0,"Oct","WB303","WB","gut","Dikerogammarus_villosus"
"WB304",0,0,0,0,0,0,0,0,0,0,0,0,0,0,0,0,0,0,0,0,0,0,0,0,0,0,0,0,0,0,0,0,0,0,0,0,0,0,0,0,0,0,0,0,0,0,0,0,0,0,0,0,0,0,0,0,0,0,0,0,0,0,0,0,0,0,0,0,0,0,0,0,0,0,"Oct","WB304","WB","gut","Dikerogammarus_villosus"
"WB305",0,0,0,0,0,0,0,0,0,0,0,0,0,0,0,0,0,0,0,0,0,0,0,0,0,0,0,0,0,0,0,0,0,0,0,0,0,0,0,0,0,0,0,0,0,0,0,0,0,0,0,0,0,0,0,0,0,0,0,0,0,0,0,0,0,0,0,0,0,0,0,0,0,0,"Oct","WB305","WB","gut","Dikerogammarus_villosus"
"WB306",0,0,0,0,0,0,0,0,0,0,0,0,0,0,0,0,0,0,0,0,0,0,0,0,0,0,0,0,0,0,0,0,0,0,0,0,0,0,0,0,0,0,0,0,0,0,0,0,0,0,0,0,0,0,0,0,0,0,0,0,0,0,0,0,0,0,0,0,0,0,0,0,0,0,"Oct","WB306","WB","gut","Dikerogammarus_villosus"
"WB307",0,0,0,0,0,0,0,0,0,0,0,0,0,0,0,0,0,0,0,0,0,0,0,0,0,0,0,0,0,0,0,0,0,0,0,0,0,0,0,0,0,0,0,0,0,0,0,0,0,0,0,0,0,0,0,0,0,0,0,0,0,0,0,0,0,0,0,0,0,0,0,0,0,0,"Oct","WB307","WB","gut","Dikerogammarus_villosus"
"WB308",0,0,0,0,0,0,0,0,0,0,0,0,0,0,0,0,0,0,0,0,0,0,0,0,0,0,0,0,0,0,0,0,0,0,0,0,0,0,0,0,0,0,0,0,0,0,0,0,0,0,0,0,0,0,0,0,0,0,0,0,0,0,0,0,0,0,0,0,0,0,0,0,0,0,"Oct","WB308","WB","gut","Dikerogammarus_villosus"
"WB309",0,0,0,0,0,0,0,0,0,0,0,0,0,0,0,0,0,0,0,0,0,0,0,0,0,0,0,0,0,0,0,0,0,0,0,0,0,0,0,0,0,0,0,0,0,0,0,0,0,0,0,0,0,0,0,0,0,0,0,0,0,0,0,0,0,0,0,0,0,0,0,0,0,0,"Oct","WB309","WB","gut","Dikerogammarus_villosus"
"WB310",0,0,0,0,0,0,0,0,0,0,0,0,0,0,0,0,0,0,0,0,0,0,0,0,0,0,0,0,0,0,0,0,0,0,0,0,0,0,0,0,0,0,0,0,0,0,0,0,0,0,0,0,0,0,0,0,0,0,0,0,0,0,0,0,0,0,0,0,0,0,0,0,0,0,"Oct","WB310","WB","gut","Dikerogammarus_villosus"
"WB311",0,0,0,0,0,0,0,0,0,0,0,0,0,0,0,0,0,0,0,0,0,0,0,0,0,0,0,0,0,0,0,0,0,0,0,0,0,0,0,0,0,0,0,0,0,0,0,0,0,0,0,0,0,0,0,0,0,0,0,0,0,0,0,0,0,0,0,0,0,0,0,0,0,0,"Oct","WB311","WB","gut","Dikerogammarus_villosus"
"WB312",0,0,0,0,0,0,0,0,0,0,0,0,0,0,0,0,0,0,0,0,0,0,0,0,0,0,0,0,0,0,0,0,0,0,0,0,0,0,0,0,0,0,0,0,0,0,0,0,0,0,0,0,0,0,0,0,0,0,0,0,0,0,0,0,0,0,0,0,0,0,0,0,0,0,"Oct","WB312","WB","gut","Dikerogammarus_villosus"
"WB313",0,0,0,0,0,0,0,0,0,0,0,0,0,0,0,0,0,0,0,0,0,0,0,0,0,0,0,0,0,0,0,0,0,0,0,0,0,0,0,0,0,0,0,0,0,0,0,0,0,0,0,0,0,0,0,0,0,0,0,0,0,0,0,0,0,0,0,0,0,0,0,0,0,0,"Oct","WB313","WB","gut","Dikerogammarus_villosus"
"WB314",0,0,0,0,0,0,0,0,0,0,0,0,0,0,0,0,0,0,0,0,0,0,0,0,0,0,0,0,0,0,0,0,0,0,0,0,0,0,0,0,0,0,0,0,0,0,0,0,0,0,0,0,0,0,0,0,0,0,0,0,0,0,0,0,0,0,0,0,0,0,0,0,0,0,"Oct","WB314","WB","gut","Dikerogammarus_villosus"
"WB315",0,0,0,0,0,0,0,0,0,0,0,0,0,0,0,0,0,0,0,0,0,0,0,0,0,0,0,0,0,0,0,0,0,0,0,0,0,0,0,0,0,0,0,0,0,0,0,0,0,0,0,0,0,0,0,0,0,0,0,0,0,0,0,0,0,0,0,0,0,0,0,0,0,0,"Oct","WB315","WB","gut","Dikerogammarus_villosus"
"WB401",0,0,0,0,0,0,0,0,0,0,0,0,0,0,0,0,0,0,0,0,0,0,0,0,0,0,0,0,0,0,0,0,0,0,0,0,0,0,0,0,0,0,0,0,0,0,0,0,0,0,0,0,0,0,0,0,0,0,0,0,0,0,0,0,0,0,0,0,0,0,0,0,0,0,"Oct","WB401","WB","gut","Dikerogammarus_villosus"
"WB501",0,0,0,0,0,0,0,0,0,0,0,0,0,0,0,0,0,0,0,0,0,0,0,0,0,0,0,0,0,0,0,0,0,0,0,0,0,0,0,0,0,0,0,0,0,0,0,0,0,0,0,0,0,0,0,0,0,0,0,0,0,0,0,0,0,0,0,0,0,0,0,0,0,0,"Oct","WB501","WB","gut","Dikerogammarus_villosus"
"WB502",0,0,0,0,0,0,0,0,0,0,0,0,0,0,0,0,0,0,0,0,0,0,0,0,0,0,0,0,0,0,0,0,0,0,0,0,0,0,0,0,0,0,0,0,0,0,0,0,0,0,0,0,0,0,0,0,0,0,0,0,0,0,0,0,0,0,0,0,0,0,0,0,0,0,"Oct","WB502","WB","gut","Dikerogammarus_villosus"
"WB503",0,0,0,0,0,0,0,0,0,0,0,0,0,0,0,0,0,0,0,0,0,0,0,0,0,0,0,0,0,0,0,0,0,0,0,0,0,0,0,0,0,0,0,0,0,0,0,0,0,0,0,0,0,0,0,0,0,0,0,0,0,0,0,0,0,0,0,0,0,0,0,0,0,0,"Oct","WB503","WB","gut","Dikerogammarus_villosus"
"WB504",0,0,0,0,0,0,0,0,0,0,0,0,0,0,0,0,0,0,0,0,0,0,0,0,0,0,0,0,0,0,0,0,0,0,0,0,0,0,0,0,0,0,0,0,0,0,0,0,0,0,0,0,0,0,0,0,0,0,0,0,0,0,0,0,0,0,0,0,0,0,0,0,0,0,"Oct","WB504","WB","gut","Dikerogammarus_villosus"
"WB601",0,0,0,0,0,0,0,0,0,0,0,0,0,0,0,0,0,0,0,0,0,0,0,0,0,0,0,0,0,0,0,0,0,0,0,0,0,0,0,0,0,0,0,0,0,0,0,0,0,0,0,0,0,0,0,0,0,0,0,0,0,0,0,0,0,0,0,0,0,0,0,0,0,0,"Oct","WB601","WB","gut","Dikerogammarus_villosus"
"WB602",0,0,0,0,0,0,0,0,0,0,0,0,0,0,0,0,0,0,0,0,0,0,0,0,0,0,0,0,0,0,0,0,0,0,0,0,0,0,0,0,0,0,0,0,0,0,0,0,0,0,0,0,0,0,0,0,0,0,0,0,0,0,0,0,0,0,0,0,0,0,0,0,0,0,"Oct","WB602","WB","gut","Dikerogammarus_villosus"
"WB603",0,0,0,0,0,0,0,0,0,0,0,0,0,0,0,0,0,0,0,0,0,0,0,0,0,0,0,0,0,0,0,0,0,0,0,0,0,0,0,0,0,0,0,0,0,0,0,0,0,0,0,0,0,0,0,0,0,0,0,0,0,0,0,0,0,0,0,0,0,0,0,0,0,0,"Oct","WB603","WB","gut","Dikerogammarus_villosus"
"WB604",0,0,0,0,0,0,0,0,0,0,0,0,0,0,0,0,0,0,0,0,0,0,0,0,0,0,0,0,0,0,0,0,0,0,0,0,0,0,0,0,0,0,0,0,0,0,0,0,0,0,0,0,0,0,0,0,0,0,0,0,0,0,0,0,0,0,0,0,0,0,0,0,0,0,"Oct","WB604","WB","gut","Dikerogammarus_villosus"
"WB605",0,0,0,0,0,0,0,0,0,0,0,0,0,0,0,0,0,0,0,0,0,0,0,0,0,0,0,0,0,0,0,0,0,0,0,0,0,0,0,0,0,0,0,0,0,0,0,0,0,0,0,0,0,0,0,0,0,0,0,0,0,0,0,0,0,0,0,0,0,0,0,0,0,0,"Oct","WB605","WB","gut","Dikerogammarus_villosus"
"WB606",0,0,0,0,0,0,0,0,0,0,0,0,0,0,0,0,0,0,0,0,0,0,0,0,0,0,0,0,0,0,0,0,0,0,0,0,0,0,0,0,0,0,0,0,0,0,0,0,0,0,0,0,0,0,0,0,0,0,0,0,0,0,0,0,0,0,0,0,0,0,0,0,0,0,"Oct","WB606","WB","gut","Dikerogammarus_villosus"
"WB607",0,0,0,0,0,0,0,0,0,0,0,0,0,0,0,0,0,0,0,0,0,0,0,0,0,0,0,0,0,0,0,0,0,0,0,0,0,0,0,0,0,0,0,0,0,0,0,0,0,0,0,0,0,0,0,0,0,0,0,0,0,0,0,0,0,0,0,0,0,0,0,0,0,0,"Oct","WB607","WB","gut","Dikerogammarus_villosus"
"WB608",0,0,0,0,0,0,0,0,0,0,0,0,0,0,0,0,0,0,0,0,0,0,0,0,0,0,0,0,0,0,0,0,0,0,0,0,0,0,0,0,0,0,0,0,0,0,0,0,0,0,0,0,0,0,0,0,0,0,0,0,0,0,0,0,0,0,0,0,0,0,0,0,0,0,"Oct","WB608","WB","gut","Dikerogammarus_villosus"
"WB609",0,0,0,0,0,0,0,0,0,0,0,0,0,0,0,0,0,0,0,0,0,0,0,0,0,0,0,0,0,0,0,0,0,0,0,0,0,0,0,0,0,0,0,0,0,0,0,0,0,0,0,0,0,0,0,0,0,0,0,0,0,0,0,0,0,0,0,0,0,0,0,0,0,0,"Oct","WB609","WB","gut","Dikerogammarus_villosus"
"WB610",0,0,0,0,0,0,0,0,0,0,0,0,0,0,0,0,0,0,0,0,0,0,0,0,0,0,0,0,0,0,0,0,0,0,0,0,0,0,0,0,0,0,0,0,0,0,0,0,0,0,0,0,0,0,0,0,0,0,0,0,0,0,0,0,0,0,0,0,0,0,0,0,0,0,"Oct","WB610","WB","gut","Dikerogammarus_villosus"
"WB611",0,0,0,0,0,0,0,0,0,0,0,0,0,0,0,0,0,0,0,0,0,0,0,0,0,0,0,0,0,0.0473319715011708,0,0,0,0,0,0,0,0,0,0,0,0,0,0,0,0,0,0,0,0,0,0,0,0,0,0,0,0,0,0,0,0,0,0,0,0,0,0,0,0,0,0,0,0,"Oct","WB611","WB","gut","Dikerogammarus_villosus"
"WB612",0,0,0,0,0,0,0,0,0,0,0,0,0,0,0,0,0,0,0,0,0,0,0,0,0,0,0,0,0,0,0,0,0,0,0,0,0,0,0,0,0,0,0,0,0,0.0412433969930922,0,0,0,0,0,0,0,0,0,0,0,0,0,0,0.0251930109711499,0,0,0,0,0,0,0,0,0,0,0,0,0,"Oct","WB612","WB","gut","Dikerogammarus_villosus"
"WB613",0,0,0,0,0,0,0,0,0,0,0,0,0,0,0,0,0,0,0,0,0,0,0,0,0,0,0,0,0,0,0,0,0,0,0,0,0,0,0,0,0,0,0,0,0,0,0,0,0,0,0,0,0,0,0,0,0,0,0,0,0,0,0,0,0,0,0,0,0,0,0,0,0,0,"Oct","WB613","WB","gut","Dikerogammarus_villosus"
"WB614",0,0,0,0,0.0144688259838501,0,0,0,0,0,0,0,0,0,0,0,0,0,0,0,0,0,0,0,0,0,0,0,0,0,0,0,0,0,0,0,0,0,0,0,0,0,0,0,0,0,0,0,0,0,0,0,0,0,0,0,0,0,0,0,0,0,0,0,0,0,0,0,0,0,0,0,0,0,"Oct","WB614","WB","gut","Dikerogammarus_villosus"
"WB615",0,0,0,0,0,0,0,0,0,0,0,0,0,0,0,0,0,0,0,0,0,0,0,0,0,0,0,0,0,0,0,0,0,0,0,0,0,0,0,0,0,0,0,0,0,0,0,0,0,0,0,0,0,0,0,0,0,0,0,0,0,0,0,0,0,0,0,0,0,0,0,0,0,0,"Oct","WB615","WB","gut","Dikerogammarus_villosus"
"WB616",0,0,0,0,0,0,0,0,0,0,0,0,0,0,0,0,0,0,0,0,0,0,0,0,0,0,0,0,0,0,0,0,0,0,0,0,0,0,0,0,0,0,0,0,0,0,0,0,0,0,0,0,0,0,0,0,0,0,0,0,0,0,0,0,0,0,0,0,0,0,0,0,0,0,"Oct","WB616","WB","gut","Dikerogammarus_villosus"
"WB618",0,0,0,0,0,0,0,0,0,0,0,0,0,0,0,0,0,0,0,0,0,0,0,0,0,0,0,0,0,0,0,0,0,0,0,0,0,0,0,0,0,0,0,0,0,0,0,0,0,0,0,0,0,0,0,0,0,0,0,0,0,0,0,0,0,0,0,0,0,0,0,0,0,0,"Oct","WB618","WB","gut","Dikerogammarus_villosus"
"WB619",0,0,0,0,0,0,0,0,0,0,0,0,0,0,0,0,0,0,0,0,0,0,0,0,0,0,0,0,0,0,0,0,0,0,0,0,0,0,0,0,0,0,0,0,0,0,0,0,0,0,0,0,0,0,0,0,0,0,0,0,0,0,0,0,0,0,0,0,0,0,0,0,0,0,"Oct","WB619","WB","gut","Dikerogammarus_villosus"
"WB620",0,0,0,0,0,0,0,0,0,0,0,0,0,0,0,0,0,0,0,0,0,0,0,0,0,0,0,0,0,0,0,0,0,0,0,0,0,0,0,0,0,0,0,0,0,0,0,0,0,0,0,0,0,0,0,0,0,0,0,0,0,0,0,0,0,0,0,0,0,0,0,0,0,0,"Oct","WB620","WB","gut","Dikerogammarus_villosus"
"WB621",0,0,0,0,0,0,0,0,0,0,0,0,0,0,0,0,0,0,0,0,0,0,0,0,0,0,0,0,0,0,0,0,0,0,0,0,0,0,0,0,0,0,0,0,0,0,0,0,0,0,0,0,0,0,0,0,0,0,0,0,0,0,0,0,0,0,0,0,0,0,0,0,0,0,"Oct","WB621","WB","gut","Dikerogammarus_villosus"
"WB622",0,0,0,0,0,0,0,0,0,0,0,0,0,0,0,0,0,0,0,0,0,0,0,0,0,0,0,0,0,0,0,0,0,0,0,0,0,0,0,0,0,0,0,0,0,0,0,0,0,0,0,0,0,0,0,0,0,0,0,0,0,0,0,0,0,0,0,0,0,0,0,0,0,0,"Oct","WB622","WB","gut","Dikerogammarus_villosus"
"WB623",0,0,0,0,0,0,0,0,0,0,0,0,0,0,0,0,0,0,0,0,0,0,0,0,0,0,0,0,0,0,0,0,0,0,0,0,0,0,0,0,0,0,0,0,0,0,0,0,0,0,0,0,0,0,0,0,0,0,0,0,0,0,0,0,0,0,0,0,0,0,0,0,0,0,"Oct","WB623","WB","gut","Dikerogammarus_villosus"
"WB624",0,0,0,0,0,0,0,0,0,0,0,0,0,0,0,0,0,0,0,0,0,0,0,0,0,0,0,0,0,0,0,0,0,0,0,0,0,0,0,0,0,0,0,0,0,0,0,0,0,0,0,0,0,0,0,0,0,0,0,0,0,0,0,0,0,0,0,0,0,0,0,0,0,0,"Oct","WB624","WB","gut","Dikerogammarus_villosus"
"WB625",0,0,0,0,0,0,0,0,0,0,0,0,0,0,0,0,0,0,0,0,0,0,0,0,0,0,0,0,0,0,0,0,0,0,0,0,0,0,0,0,0,0,0,0,0,0,0,0,0,0,0,0,0,0,0,0,0,0,0,0,0,0,0,0,0,0,0,0,0,0,0,0,0,0,"Oct","WB625","WB","gut","Dikerogammarus_villosus"
"WB626",0,0,0,0,0,0,0,0,0,0,0,0,0,0,0,0,0,0,0,0,0,0,0,0,0,0,0,0,0,0,0,0,0,0,0,0,0,0,0,0,0,0,0,0,0,0,0,0,0,0,0,0,0,0,0,0,0,0,0,0,0,0,0,0,0,0,0,0,0,0,0,0,0,0,"Oct","WB626","WB","gut","Dikerogammarus_villosus"
"WB627",0,0,0,0,0,0,0,0,0,0,0,0,0,0,0,0,0,0,0,0,0,0,0,0,0,0,0,0,0,0.192684278588583,0,0,0,0,0,0,0,0,0,0,0,0,0,0,0,0,0,0,0,0,0,0,0,0,0,0,0,0,0,0,0,0,0,0,0,0,0,0,0,0,0,0,0,0,"Oct","WB627","WB","gut","Dikerogammarus_villosus"
"WB628",0,0,0,0,0,0,0,0,0,0,0,0,0,0,0,0,0,0,0,0,0,0,0,0,0,0,0,0,0,0,0,0,0,0,0,0,0,0,0,0,0,0,0,0,0,0,0,0,0,0,0,0,0,0,0,0,0,0,0,0,0,0,0,0,0,0,0,0,0,0,0,0,0,0,"Oct","WB628","WB","gut","Dikerogammarus_villosus"
"eGW1",0,0,0,0.0144596651445967,0,0,0,0,0,0,0,0,0,0,0,0,0.309741248097412,0,0,0,0.121765601217656,0,0,0.0395738203957382,0.207001522070015,0,0,0,0.030441400304414,0,0,0,0,0,0,0,0,0,0,0,0,0,0.0190258751902588,0,0,0.00989345509893455,0,0,0,0,0.0319634703196347,0,0,0,0.140030441400304,0,0,0,0.0106544901065449,0,0,0.0144596651445967,0,0,0,0,0.015220700152207,0,0,0,0,0,0.00837138508371385,0,"Oct","eGW1","GW","eDNA","water"
"eGW2",0,0,0,0,0,0,0,0,0.0528455284552846,0.024390243902439,0,0,0,0,0,0,0.0365853658536585,0,0,0,0,0,0.024390243902439,0.0121951219512195,0.024390243902439,0,0,0,0.764227642276423,0.00813008130081301,0,0,0,0,0,0,0,0,0,0,0,0,0,0,0,0,0,0,0,0.0121951219512195,0,0,0,0,0.00813008130081301,0,0,0,0.00813008130081301,0,0,0.024390243902439,0,0,0,0,0,0,0,0,0,0,0,0,"Oct","eGW2","GW","eDNA","water"
"eGW3",0,0,0,0,0,0,0,0,0,0.0479233226837061,0,0,0,0,0,0,0.116024886497394,0,0,0,0,0,0,0.171346897595426,0.390617117874559,0,0.00958466453674121,0,0.019673785101732,0,0,0,0,0.019673785101732,0,0,0.0144610728098201,0,0,0,0,0,0,0,0.103245333781739,0.0255591054313099,0,0,0,0,0.00655792836724399,0,0,0,0,0,0,0,0,0,0,0,0,0,0,0,0.0094165125273247,0,0,0,0,0,0.0245501933748108,0,"Oct","eGW3","GW","eDNA","water"
"eGW4",0,0,0,0,0,0,0,0,0,0.0161182001343183,0,0,0,0.0107454667562122,0,0.376091336467428,0.0436534586971122,0,0,0,0,0,0,0.110141034251175,0.113498992612492,0,0.022834116856951,0,0.0725319006044325,0.00604432505036938,0,0,0,0,0,0,0,0,0,0,0,0,0.0302216252518469,0,0,0,0,0,0,0,0.022834116856951,0,0,0,0.0779046339825386,0,0,0,0,0,0,0.025520483546004,0,0,0,0,0,0,0,0,0,0,0.0241773002014775,0,"Oct","eGW4","GW","eDNA","water"
"eGW5",0,0,0,0,0,0,0,0,0,0,0,0,0,0,0,0,0.104708664803268,0,0,0,0,0,0,0.0120404214147495,0.0980434315201032,0,0,0,0.31197591915717,0.00838529348527198,0,0,0.0148355192431735,0.0199956998494947,0,0,0,0,0,0,0,0,0.0116104063642227,0,0,0.0113953988389594,0,0,0.177596215867555,0,0.066007310255859,0,0,0,0,0,0,0,0.00602021070737476,0,0,0.00731025585895506,0,0,0,0,0,0,0,0.119329176521178,0,0,0,0,"Oct","eGW5","GW","eDNA","water"
"eGW6",0,0,0,0,0,0,0,0.0343226327478296,0.0078740157480315,0,0,0,0,0,0,0,0,0,0,0,0,0,0,0.00726832222895215,0,0,0,0,0.0462346052897234,0.603876438522108,0,0,0,0,0,0,0,0,0,0,0,0,0,0,0.0234201494044014,0.0381586917019988,0.0127195639006663,0,0,0,0.019180294770846,0,0,0,0,0,0,0,0.00868160710680396,0,0,0,0,0,0,0,0,0,0,0.179285281647486,0,0,0,0,"Oct","eGW6","GW","eDNA","water"
"eRB1",0,0,0,0,0,0,0,0,0,0,0,0,0,0,0,0,0,0,0,0,0,0,0.0102140758360151,0.00965440044774031,0,0,0,0,0,0,0,0.0962641667832657,0,0,0.0235063663075416,0.0383377640968238,0,0.621519518679166,0,0,0,0,0,0,0,0,0,0,0,0.183153770812928,0,0,0,0,0,0,0,0,0,0,0,0,0,0,0,0,0,0,0,0,0,0,0,0,"Oct","eRB1","RB","eDNA","water"
"eRB2",0,0,0,0,0,0.0109356014580802,0,0,0,0,0,0,0,0,0,0,0,0,0,0,0,0,0,0.00789793438639125,0,0,0,0,0.0133657351154313,0,0,0.218712029161604,0,0,0.0133657351154313,0,0,0.0127582017010936,0,0,0,0,0,0,0.0206561360874848,0,0,0,0,0,0,0,0,0,0.214459295261239,0.0164034021871203,0,0,0.00668286755771567,0,0,0,0,0.0334143377885784,0,0.301336573511543,0.0753341433778858,0,0,0,0,0,0,0,"Oct","eRB2","RB","eDNA","water"
"eRB4",0,0,0,0.0103842159916926,0,0,0,0,0,0,0.00623052959501558,0,0,0,0.0083073727933541,0,0,0,0,0,0,0,0,0.0311526479750779,0,0,0,0,0.0228452751817238,0,0,0,0,0,0,0,0,0.0207684319833853,0,0,0,0,0,0,0,0,0,0,0,0,0,0,0,0.312564901349948,0.09865005192108,0,0,0,0.241952232606438,0,0,0,0,0,0,0,0.180685358255452,0,0,0,0,0,0,0.0083073727933541,"Oct","eRB4","RB","eDNA","water"
"eRB5",0,0,0.0416666666666667,0.0185185185185185,0,0,0,0,0.0138888888888889,0,0,0,0,0,0,0,0.0555555555555556,0,0,0,0,0,0.0509259259259259,0.125,0,0,0,0.106481481481481,0.101851851851852,0,0,0.347222222222222,0,0,0.0925925925925926,0.0462962962962963,0,0,0,0,0,0,0,0,0,0,0,0,0,0,0,0,0,0,0,0,0,0,0,0,0,0,0,0,0,0,0,0,0,0,0,0,0,0,"Oct","eRB5","RB","eDNA","water"
"eRB6",0,0,0,0,0,0,0,0,0,0,0,0,0,0,0,0,0,0,0,0.0288646568313021,0,0,0,0,0,0.72674791533034,0,0,0.0230917254650417,0,0,0.0115458627325208,0,0,0,0,0,0.0782552918537524,0,0,0,0,0,0,0,0,0,0,0,0,0,0,0.0160359204618345,0,0.0667094291212316,0,0,0,0,0,0,0,0,0,0,0,0.0173187940987813,0,0,0,0,0,0,0,"Oct","eRB6","RB","eDNA","water"
"eWB1",0,0,0,0,0,0,0,0,0,0,0,0,0,0,0,0,0,0,0,0,0,0,0.833290054531291,0.0672552583744482,0,0,0,0,0,0,0,0,0,0,0,0,0,0,0,0,0,0,0.0124642949883147,0,0,0,0,0,0,0,0,0,0,0,0.0116852765515451,0.00882887561672293,0,0,0,0,0,0,0,0,0.0186964424824721,0,0.0347961568423786,0,0,0,0,0,0,0,"Oct","eWB1","WB","eDNA","water"
"eWB2",0,0,0,0,0,0,0,0,0,0,0,0,0,0,0,0,0,0,0,0,0,0,0,0.0241935483870968,0.0161290322580645,0,0,0,0.298387096774194,0.032258064516129,0,0.217741935483871,0,0,0,0,0,0,0,0.0241935483870968,0.0241935483870968,0,0.032258064516129,0,0,0,0,0,0,0,0,0,0,0,0.0645161290322581,0.104838709677419,0,0,0,0,0,0,0,0,0,0,0.0483870967741935,0,0,0,0,0.0967741935483871,0.0161290322580645,0,"Oct","eWB2","WB","eDNA","water"
"eWB3",0,0,0,0,0,0,0,0,0,0,0,0,0,0,0,0,0,0,0,0,0,0,0.218582169709989,0.0766201217329037,0,0,0,0,0,0,0,0,0,0,0,0,0,0,0,0,0,0,0.0200501253132832,0,0,0,0,0,0,0,0,0,0,0,0.477622627998568,0.0977443609022556,0,0,0,0,0,0,0,0,0,0,0.0590762620837809,0.0146795560329395,0,0,0,0,0,0,"Oct","eWB3","WB","eDNA","water"
"eWB4",0,0,0,0,0,0,0,0,0,0,0,0,0,0,0,0,0,0,0,0,0,0,0,0,0,0.0224571500062555,0,0,0,0.224759164268735,0,0,0,0,0,0,0,0,0,0,0,0,0.0225197047416489,0,0,0,0,0,0,0.4722256974853,0,0,0,0,0.177718003252846,0.0324659076692106,0,0,0,0,0,0,0,0,0,0,0.0165144501438759,0,0,0,0,0,0,0,"Oct","eWB4","WB","eDNA","water"
"eWB5",0,0,0,0,0,0,0,0,0,0,0,0,0,0,0,0,0,0,0,0,0,0,0.207267833109018,0.013651220919054,0,0,0,0,0,0,0,0,0,0,0,0,0,0,0,0,0,0,0.0103826187271679,0.0069217458181119,0,0,0,0,0,0,0,0,0,0,0.072678331090175,0.0180734474139589,0.0613343587771582,0,0,0,0,0,0,0.0453758892520669,0,0,0.013651220919054,0,0,0,0,0.508171505479715,0,0,"Oct","eWB5","WB","eDNA","water"
"eWB6",0,0.118856569709127,0,0,0.00877632898696088,0.0210631895687061,0.0132898696088265,0,0,0,0,0,0.00626880641925777,0,0,0,0,0,0,0,0,0,0.0348545636910732,0.0343530591775326,0,0.0250752256770311,0,0,0.00977933801404213,0.333751253761284,0.00626880641925777,0.0100300902708124,0,0,0,0,0,0,0,0,0,0,0.0107823470411234,0,0.0137913741223671,0,0,0.026579739217653,0,0,0,0,0,0,0.12136409227683,0.0190571715145436,0,0,0.0175526579739218,0.0175526579739218,0.0328485456369107,0,0,0.0341023069207623,0,0,0.0170511534603811,0,0,0,0,0.0157973921765296,0,0,"Oct","eWB6","WB","eDNA","water"
